INSERT INTO products (id, name, description, price, quantity_in_stock) 
VALUES 
('f224db20-0198-4026-ae99-156696eb5572', 'Бананы', 'Описание', 10.23, 23),
('8cdbe4f4-1e83-417c-98b8-7854db263187', 'Яблоки', 'Описание', 100.23, 245),
('c0a784b9-383b-44c8-a79f-a5a852836304', 'Груши', 'Описание', 150.23, 124),
('c5990de2-d9ae-4fab-aa9b-2cd6630e0161', 'Сельдерей', 'Описание', 80.23, 4),
('bd5e5ff4-e07a-49b9-97cf-29d2376bd8c6', 'Капуста', 'Описание', 60.23, 812),
('fc6d8eb4-de57-47b9-88c7-03e310c586b5', 'Горох', 'Описание', 80.23, 1),
('22d689ed-a1de-4f4b-af01-08cf32068633', 'Свекла', 'Описание', 76.23, 8),
('25d42cdc-c8f6-4584-b36c-8633b9720a09', 'Репа', 'Описание', 140.23, 6),
('fc325832-25a9-4f1e-99f6-f08b2f1f1021', 'Мандарины', 'Описание', 320.23, 86),
('92cc8122-12e5-4aef-b0bc-ed319dae8e66', 'Апельсины', 'Описание', 260.23, 42);

INSERT INTO users (id, name, email, registration_date) 
VALUES
('5b2b2321-62a9-45d5-9a6d-b628472d4f1b', 'Алексеев Алексей Алексеевич', 'alekseev@mail.ru', '1994-11-29'),
('c48b38ce-fe2e-4feb-a0ce-bf226d57953c', 'Иванов Иван Иванович', 'ivanov@mail.ru', '1985-10-01'),
('0e4dd3ae-0c63-47ea-9783-4ca5a9508383', 'Петров Петр Петрович', 'petrov@mail.ru', '2001-05-03'),
('b4aac3c5-84f2-4e48-a334-a85e6cebbbc2', 'Сидоров Сидор Сидорович', 'sidorov@mail.ru', '1976-02-07');


INSERT INTO orders (id, user_id, date, status) 
VALUES 
('393bef67-968a-404c-9d30-e09535af9b9a', '5b2b2321-62a9-45d5-9a6d-b628472d4f1b', '2024-01-01', 'Оплачен'),
('0c44596e-e48c-48d1-9fde-2f31cbd74738', '0e4dd3ae-0c63-47ea-9783-4ca5a9508383', '2024-01-10', 'Оплачен'),
('b71ac771-8eea-44b5-8df7-e4fa892bf8ca', '5b2b2321-62a9-45d5-9a6d-b628472d4f1b', '2024-01-20', 'Не оплачен'),
('eacc5ef8-70d9-46b0-bb86-e7d120529cc8', '0e4dd3ae-0c63-47ea-9783-4ca5a9508383', '2024-01-13', 'Оплачен'),
('4362af2f-1209-4b19-aa8a-ca52aa575410', 'c48b38ce-fe2e-4feb-a0ce-bf226d57953c', '2024-01-03', 'Возврат'),
('cc52d1fd-e674-4052-82bc-c9ea46d2a988', 'b4aac3c5-84f2-4e48-a334-a85e6cebbbc2', '2024-01-02', 'Оплачен');

INSERT INTO order_details (order_id, product_id, quantity, total_cost) 
VALUES 
('393bef67-968a-404c-9d30-e09535af9b9a', 'f224db20-0198-4026-ae99-156696eb5572', 1, 3000.51),
('393bef67-968a-404c-9d30-e09535af9b9a', '8cdbe4f4-1e83-417c-98b8-7854db263187', 11, 5450.51),
('393bef67-968a-404c-9d30-e09535af9b9a', 'bd5e5ff4-e07a-49b9-97cf-29d2376bd8c6', 111, 1000.51),

('0c44596e-e48c-48d1-9fde-2f31cbd74738', '92cc8122-12e5-4aef-b0bc-ed319dae8e66', 2, 550.51),
('0c44596e-e48c-48d1-9fde-2f31cbd74738', 'fc325832-25a9-4f1e-99f6-f08b2f1f1021', 201, 10.51),
('0c44596e-e48c-48d1-9fde-2f31cbd74738', 'bd5e5ff4-e07a-49b9-97cf-29d2376bd8c6', 301, 100.51),

('b71ac771-8eea-44b5-8df7-e4fa892bf8ca', 'c0a784b9-383b-44c8-a79f-a5a852836304', 11, 1020.51),
('b71ac771-8eea-44b5-8df7-e4fa892bf8ca', 'f224db20-0198-4026-ae99-156696eb5572', 121, 140.51),
('b71ac771-8eea-44b5-8df7-e4fa892bf8ca', '25d42cdc-c8f6-4584-b36c-8633b9720a09', 1, 200.51),

('eacc5ef8-70d9-46b0-bb86-e7d120529cc8', '25d42cdc-c8f6-4584-b36c-8633b9720a09', 1, 210.51),
('eacc5ef8-70d9-46b0-bb86-e7d120529cc8', 'bd5e5ff4-e07a-49b9-97cf-29d2376bd8c6', 51, 100.51),
('eacc5ef8-70d9-46b0-bb86-e7d120529cc8', '8cdbe4f4-1e83-417c-98b8-7854db263187', 62, 300.51),
																							  
('4362af2f-1209-4b19-aa8a-ca52aa575410', '25d42cdc-c8f6-4584-b36c-8633b9720a09', 32, 360.51),
('4362af2f-1209-4b19-aa8a-ca52aa575410', 'c5990de2-d9ae-4fab-aa9b-2cd6630e0161', 24, 653.51),
('4362af2f-1209-4b19-aa8a-ca52aa575410', '8cdbe4f4-1e83-417c-98b8-7854db263187', 82, 423.51),
																							  
('cc52d1fd-e674-4052-82bc-c9ea46d2a988', 'fc6d8eb4-de57-47b9-88c7-03e310c586b5', 1, 250.51),
('cc52d1fd-e674-4052-82bc-c9ea46d2a988', 'f224db20-0198-4026-ae99-156696eb5572', 6, 32.51),
('cc52d1fd-e674-4052-82bc-c9ea46d2a988', 'bd5e5ff4-e07a-49b9-97cf-29d2376bd8c6', 7, 104.51);
